{
  "version": 1.0,
  "egoVehicle": {
    "DataID": 20600007,
    "UNIQUEID": -1,
    "m_eobstacleObjType": 0,
    "initPosition": {
      "initPositionMode": "Absolute",
      "pos": {
        "x": -9.5319995880126953,
        "y": -0.656000018119812,
        "z": 0.034000001847743988,
        "_x": "-9.532",
        "_y": "-0.656",
        "_z": "0.034"
      },
      "rot": {
        "roll": "0.000",
        "pitch": "0.612",
        "yaw": "34.327"
      },
      "initLink": "",
      "initLinkRatio": 0,
      "gear": 4,
      "vehicleSaveData": {
        "velocity": 0.0207837987691164,
        "inputData": [
          0,
          0,
          0,
          0,
          0,
          0,
          4,
          0,
          0,
          0
        ],
        "vehicle": {
          "time": 468.1612548828125,
          "lastVelocity": {
            "x": 0.0048375800251960754,
            "y": 2.9802322387695313E-08,
            "z": 0.003153894329443574
          },
          "lastImpactTime": 409.48135375976563
        },
        "wheels": [
          {
            "L": -0.0017499587265774608,
            "Tr": -6.6163847805000842E-05,
            "contactDepth": 0.017739415168762207,
            "lastTireForce": {
              "x": 6.8394278059713542E-05,
              "y": 0.0020047985017299652
            }
          },
          {
            "L": -0.0017499604728072882,
            "Tr": -6.6375367168802768E-05,
            "contactDepth": 0.017739444971084595,
            "lastTireForce": {
              "x": 6.8307032051961869E-05,
              "y": 0.0020113419741392136
            }
          },
          {
            "L": -0.0017499587265774608,
            "Tr": -6.6164117015432566E-05,
            "contactDepth": 0.014960579574108124,
            "lastTireForce": {
              "x": 6.2482380599249154E-05,
              "y": 0.0020048066508024931
            }
          },
          {
            "L": -0.0017499604728072882,
            "Tr": -6.6375097958371043E-05,
            "contactDepth": 0.014960579574108124,
            "lastTireForce": {
              "x": 6.2408827943727374E-05,
              "y": 0.002011333592236042
            }
          }
        ],
        "engine": {
          "L": 0.0,
          "Treaction": 0.0,
          "rpmLimiterActive": false,
          "rpmLimiterTime": 0.0,
          "tcsActivationTime": 0.0
        },
        "gearbox": {
          "L": 0.0,
          "manualGear": 0,
          "manualRatio": 0.0,
          "engaged": false,
          "lastEngagedTime": 0.0,
          "lastAutoShiftTime": 0.0,
          "vehicleMoving": false,
          "gearMode": 0,
          "automaticGear": 0,
          "automaticRatio": 0.0,
          "transition": false,
          "transitionStartedTime": 0.0,
          "fromGear": 0,
          "toGear": 0,
          "fromRatio": 0.0,
          "toRatio": 0.0,
          "transitionRatio": 0.0
        },
        "lastVelocity": {
          "x": 0.0048375800251960754,
          "y": 2.9802322387695313E-08,
          "z": 0.003153894329443574
        }
      }
    },
    "currentVelocity": 0.0207837987691164,
    "v2vUDPSessionInfo": {
      "isInit": false,
      "v2vConfig": {
        "hostIP": "0.0.0.0",
        "Port": 5641,
        "receiveTimeout": 0,
        "BuffSize": 8196,
        "surroundVehiclePubTime": 100
      }
    },
    "beforeControlMode": 0,
    "currentControlMode": 1
  },
  "vehicleList": [],
  "pedestrianList": [
    {
      "DataID": 50100039,
      "UNIQUEID": 5,
      "m_eobstacleObjType": 2,
      "pos": {
        "x": -19.76099967956543,
        "y": 1.2050000429153442,
        "z": 0.0,
        "_x": "-19.761",
        "_y": "1.205",
        "_z": "0.000"
      },
      "rot": {
        "roll": "0.000",
        "pitch": "0.000",
        "yaw": "1.224"
      },
      "activeDistance": 2.0,
      "speed": 6.0,
      "active": true,
      "loop": false,
      "initPos": {
        "x": 19.76099967956543,
        "y": 0.0,
        "z": -1.2050000429153442,
        "_x": "19.761",
        "_y": "0.000",
        "_z": "-1.205"
      },
      "initRot": {
        "roll": "0.000",
        "pitch": "270.000",
        "yaw": "0.000"
      },
      "movingDistance": 2.0,
      "movingDistanceAmount": 0.0,
      "standardPos": {
        "x": 19.76099967956543,
        "y": 0.0,
        "z": -1.2050000429153442,
        "_x": "19.761",
        "_y": "0.000",
        "_z": "-1.205"
      },
      "anim": {
        "m_FileID": -153252,
        "m_PathID": 0
      },
      "stateNameHash": 2081823275,
      "stateNormalizedTime": 11.567399978637695,
      "pedestrianBehavior": 1,
      "pedestrianType": 0,
      "listObjIDForBehavior": [],
      "animSpeed": 0.0
    },
    {
      "DataID": 50100039,
      "UNIQUEID": 6,
      "m_eobstacleObjType": 2,
      "pos": {
        "x": -19.488000869750977,
        "y": -2.3880000114440918,
        "z": 0.0,
        "_x": "-19.488",
        "_y": "-2.388",
        "_z": "0.000"
      },
      "rot": {
        "roll": "0.000",
        "pitch": "0.000",
        "yaw": "1.224"
      },
      "activeDistance": 2.0,
      "speed": 2.0,
      "active": true,
      "loop": false,
      "initPos": {
        "x": 19.488000869750977,
        "y": 0.0,
        "z": 2.3880000114440918,
        "_x": "19.488",
        "_y": "0.000",
        "_z": "2.388"
      },
      "initRot": {
        "roll": "0.000",
        "pitch": "270.000",
        "yaw": "0.000"
      },
      "movingDistance": 2.0,
      "movingDistanceAmount": 0.0,
      "standardPos": {
        "x": 19.488000869750977,
        "y": 0.0,
        "z": 2.3880000114440918,
        "_x": "19.488",
        "_y": "0.000",
        "_z": "2.388"
      },
      "anim": {
        "m_FileID": -166636,
        "m_PathID": 0
      },
      "stateNameHash": 2081823275,
      "stateNormalizedTime": 7.755286693572998,
      "pedestrianBehavior": 1,
      "pedestrianType": 0,
      "listObjIDForBehavior": [],
      "animSpeed": 0.0
    },
    {
      "DataID": 50100039,
      "UNIQUEID": 3,
      "m_eobstacleObjType": 2,
      "pos": {
        "x": -11.581000328063965,
        "y": -5.9229998588562012,
        "z": 0.0,
        "_x": "-11.581",
        "_y": "-5.923",
        "_z": "0.000"
      },
      "rot": {
        "roll": "0.000",
        "pitch": "0.000",
        "yaw": "91.224"
      },
      "activeDistance": 2.0,
      "speed": 2.0,
      "active": true,
      "loop": false,
      "initPos": {
        "x": 11.581000328063965,
        "y": 0.0,
        "z": 5.9229998588562012,
        "_x": "11.581",
        "_y": "0.000",
        "_z": "5.923"
      },
      "initRot": {
        "roll": "0.000",
        "pitch": "180.000",
        "yaw": "0.000"
      },
      "movingDistance": 2.0,
      "movingDistanceAmount": 0.0,
      "standardPos": {
        "x": 11.581000328063965,
        "y": 0.0,
        "z": 5.9229998588562012,
        "_x": "11.581",
        "_y": "0.000",
        "_z": "5.923"
      },
      "anim": {
        "m_FileID": -98734,
        "m_PathID": 0
      },
      "stateNameHash": 2081823275,
      "stateNormalizedTime": 43.903755187988281,
      "pedestrianBehavior": 1,
      "pedestrianType": 0,
      "listObjIDForBehavior": [],
      "animSpeed": 0.0
    },
    {
      "DataID": 50100039,
      "UNIQUEID": 2,
      "m_eobstacleObjType": 2,
      "pos": {
        "x": -7.4200000762939453,
        "y": -4.4980001449584961,
        "z": 0.0,
        "_x": "-7.420",
        "_y": "-4.498",
        "_z": "0.000"
      },
      "rot": {
        "roll": "0.000",
        "pitch": "0.000",
        "yaw": "-88.776"
      },
      "activeDistance": 2.0,
      "speed": 3.0,
      "active": false,
      "loop": true,
      "initPos": {
        "x": 7.4200000762939453,
        "y": 0.0,
        "z": 4.4980001449584961,
        "_x": "7.420",
        "_y": "0.000",
        "_z": "4.498"
      },
      "initRot": {
        "roll": "0.000",
        "pitch": "0.000",